,Geographic identifier code,Id2,Geographic area name,2007 NAICS code,Meaning of 2007 NAICS code,Year,Number of establishments,Employment,"First-quarter payroll ($1,000)","Annual payroll ($1,000)",,rate
8292,0100000US,1,United States,0,Total for all sectors,2010,7396628,111970095,1200243637,4940983369,,#VALUE!
8313,0100000US,1,United States,0,Total for all sectors,2011,7354043,113425965,1278564448,5164897905,,0.013002311
8334,0100000US,1,United States,0,Total for all sectors,2012,7431808,115938468,1364679729,5414255995,,0.022151039
8355,0100000US,1,United States,0,Total for all sectors,2013,7488353,118266253,1411380886,5621697325,,0.020077762
8376,0100000US,1,United States,0,Total for all sectors,2014,7563084,121069944,1504360589,5940186911,,0.023706602
8397,0100000US,1,United States,0,Total for all sectors,2015,7663938,124085947,1576288214,6253488252,,0.024911245
105,0500000US09001,9001,"Fairfield County, Connecticut",0,Total for all sectors,2010,27027,393952,8377092,30225781,,-0.996825168
0,0500000US09001,9001,"Fairfield County, Connecticut",0,Total for all sectors,2011,26725,398342,8792757,31039729,,0.01114349
21,0500000US09001,9001,"Fairfield County, Connecticut",0,Total for all sectors,2012,26814,405226,9061976,31140794,,0.017281632
42,0500000US09001,9001,"Fairfield County, Connecticut",0,Total for all sectors,2013,26972,403375,8721602,30707090,,-0.004567821
63,0500000US09001,9001,"Fairfield County, Connecticut",0,Total for all sectors,2014,27022,408854,9245720,31863974,,0.013582894
84,0500000US09001,9001,"Fairfield County, Connecticut",0,Total for all sectors,2015,27190,421295,10550590,35199773,,0.030428955
231,0500000US09003,9003,"Hartford County, Connecticut",0,Total for all sectors,2010,22843,442369,5940104,23082813,,0.050021956
126,0500000US09003,9003,"Hartford County, Connecticut",0,Total for all sectors,2011,22470,432172,6297931,23409971,,-0.023050892
147,0500000US09003,9003,"Hartford County, Connecticut",0,Total for all sectors,2012,22477,441095,6700048,24837114,,0.020646872
168,0500000US09003,9003,"Hartford County, Connecticut",0,Total for all sectors,2013,22613,446375,6705668,25576762,,0.01197021
189,0500000US09003,9003,"Hartford County, Connecticut",0,Total for all sectors,2014,22531,442655,7003434,25956731,,-0.0083338
210,0500000US09003,9003,"Hartford County, Connecticut",0,Total for all sectors,2015,22703,440169,7216726,26351778,,-0.005616112
357,0500000US09005,9005,"Litchfield County, Connecticut",0,Total for all sectors,2010,4969,51583,442776,2003218,,-0.88281092
252,0500000US09005,9005,"Litchfield County, Connecticut",0,Total for all sectors,2011,4909,51070,465477,2050328,,-0.009945137
273,0500000US09005,9005,"Litchfield County, Connecticut",0,Total for all sectors,2012,4847,51703,478951,2042977,,0.012394752
294,0500000US09005,9005,"Litchfield County, Connecticut",0,Total for all sectors,2013,4782,51115,471431,2044029,,-0.011372648
315,0500000US09005,9005,"Litchfield County, Connecticut",0,Total for all sectors,2014,4781,52087,484822,2115820,,0.019015944
336,0500000US09005,9005,"Litchfield County, Connecticut",0,Total for all sectors,2015,4806,51957,486220,2180278,,-0.002495824
483,0500000US09007,9007,"Middlesex County, Connecticut",0,Total for all sectors,2010,4220,57798,583472,2406047,,0.112419886
378,0500000US09007,9007,"Middlesex County, Connecticut",0,Total for all sectors,2011,4139,58100,617703,2538946,,0.005225094
399,0500000US09007,9007,"Middlesex County, Connecticut",0,Total for all sectors,2012,4161,59873,641562,2676490,,0.030516351
420,0500000US09007,9007,"Middlesex County, Connecticut",0,Total for all sectors,2013,4147,60406,655162,2764963,,0.008902176
441,0500000US09007,9007,"Middlesex County, Connecticut",0,Total for all sectors,2014,4161,61384,670308,2867411,,0.016190445
462,0500000US09007,9007,"Middlesex County, Connecticut",0,Total for all sectors,2015,4202,60899,669132,2922831,,-0.007901082
609,0500000US09009,9009,"New Haven County, Connecticut",0,Total for all sectors,2010,19607,321031,3552361,15058976,,4.271531552
504,0500000US09009,9009,"New Haven County, Connecticut",0,Total for all sectors,2011,19261,325467,3687158,15242931,,0.01381798
525,0500000US09009,9009,"New Haven County, Connecticut",0,Total for all sectors,2012,19360,325990,3936050,15814102,,0.001606922
546,0500000US09009,9009,"New Haven County, Connecticut",0,Total for all sectors,2013,19431,331081,3973417,16251990,,0.015617043
567,0500000US09009,9009,"New Haven County, Connecticut",0,Total for all sectors,2014,19467,338587,4115842,16613901,,0.022671189
588,0500000US09009,9009,"New Haven County, Connecticut",0,Total for all sectors,2015,19566,335845,4145788,16945013,,-0.008098362
735,0500000US09011,9011,"New London County, Connecticut",0,Total for all sectors,2010,5791,107017,1206476,4738808,,-0.681350028
630,0500000US09011,9011,"New London County, Connecticut",0,Total for all sectors,2011,5675,105276,1220094,4777065,,-0.016268443
651,0500000US09011,9011,"New London County, Connecticut",0,Total for all sectors,2012,5706,104801,1250898,4779853,,-0.00451195
672,0500000US09011,9011,"New London County, Connecticut",0,Total for all sectors,2013,5698,103244,1235982,5107136,,-0.014856728
693,0500000US09011,9011,"New London County, Connecticut",0,Total for all sectors,2014,5732,102281,1235341,4882308,,-0.009327419
714,0500000US09011,9011,"New London County, Connecticut",0,Total for all sectors,2015,5805,102909,1322117,5096430,,0.006139948
861,0500000US09013,9013,"Tolland County, Connecticut",0,Total for all sectors,2010,2486,29156,228140,1014366,,-0.716681729
756,0500000US09013,9013,"Tolland County, Connecticut",0,Total for all sectors,2011,2398,29450,238805,1059292,,0.010083688
777,0500000US09013,9013,"Tolland County, Connecticut",0,Total for all sectors,2012,2416,30296,247846,1052491,,0.028726655
798,0500000US09013,9013,"Tolland County, Connecticut",0,Total for all sectors,2013,2398,30798,249891,1070343,,0.016569844
819,0500000US09013,9013,"Tolland County, Connecticut",0,Total for all sectors,2014,2418,32223,271419,1170235,,0.046269238
840,0500000US09013,9013,"Tolland County, Connecticut",0,Total for all sectors,2015,2433,32903,271585,1163627,,0.021102939
987,0500000US09015,9015,"Windham County, Connecticut",0,Total for all sectors,2010,2149,28270,226225,1005447,,-0.140807829
882,0500000US09015,9015,"Windham County, Connecticut",0,Total for all sectors,2011,2097,28805,254935,1085258,,0.018924655
903,0500000US09015,9015,"Windham County, Connecticut",0,Total for all sectors,2012,2099,29886,267215,1126489,,0.037528207
924,0500000US09015,9015,"Windham County, Connecticut",0,Total for all sectors,2013,2092,29397,266684,1129300,,-0.016362176
945,0500000US09015,9015,"Windham County, Connecticut",0,Total for all sectors,2014,2052,30180,274144,1175558,,0.026635371
966,0500000US09015,9015,"Windham County, Connecticut",0,Total for all sectors,2015,2048,30354,269964,1177874,,0.005765408
1108,0500000US23001,23001,"Androscoggin County, Maine",0,Total for all sectors,2010,2767,43808,345286,1505623,,0.443236476
1008,0500000US23001,23001,"Androscoggin County, Maine",0,Total for all sectors,2011,2749,43155,363998,1544995,,-0.014905953
1028,0500000US23001,23001,"Androscoggin County, Maine",0,Total for all sectors,2012,2693,44673,387356,1659609,,0.03517553
1048,0500000US23001,23001,"Androscoggin County, Maine",0,Total for all sectors,2013,2678,43936,380787,1604017,,-0.016497661
1068,0500000US23001,23001,"Androscoggin County, Maine",0,Total for all sectors,2014,2667,44283,396968,1681322,,0.007897851
1088,0500000US23001,23001,"Androscoggin County, Maine",0,Total for all sectors,2015,2706,45347,408020,1763849,,0.024027279
1233,0500000US23003,23003,"Aroostook County, Maine",0,Total for all sectors,2010,2025,21896,150002,636206,,-0.517145566
1128,0500000US23003,23003,"Aroostook County, Maine",0,Total for all sectors,2011,2005,22038,166231,685100,,0.006485203
1149,0500000US23003,23003,"Aroostook County, Maine",0,Total for all sectors,2012,2000,20838,159596,653018,,-0.054451402
1170,0500000US23003,23003,"Aroostook County, Maine",0,Total for all sectors,2013,2000,21157,164589,676764,,0.015308571
1191,0500000US23003,23003,"Aroostook County, Maine",0,Total for all sectors,2014,1974,21024,166676,677319,,-0.006286335
1212,0500000US23003,23003,"Aroostook County, Maine",0,Total for all sectors,2015,2000,21282,169363,716531,,0.012271689
1359,0500000US23005,23005,"Cumberland County, Maine",0,Total for all sectors,2010,10900,154313,1509845,6332007,,6.250869279
1254,0500000US23005,23005,"Cumberland County, Maine",0,Total for all sectors,2011,10743,153928,1586502,6495076,,-0.002494929
1275,0500000US23005,23005,"Cumberland County, Maine",0,Total for all sectors,2012,10870,158086,1721283,6859615,,0.027012629
1296,0500000US23005,23005,"Cumberland County, Maine",0,Total for all sectors,2013,10902,158929,1771519,6995368,,0.005332541
1317,0500000US23005,23005,"Cumberland County, Maine",0,Total for all sectors,2014,10926,160331,1826250,7374512,,0.008821549
1338,0500000US23005,23005,"Cumberland County, Maine",0,Total for all sectors,2015,11191,165345,1863323,7676774,,0.031272804
1480,0500000US23007,23007,"Franklin County, Maine",0,Total for all sectors,2010,798,9021,61895,254640,,-0.94544135
1380,0500000US23007,23007,"Franklin County, Maine",0,Total for all sectors,2011,793,9255,64534,257098,,0.025939475
1400,0500000US23007,23007,"Franklin County, Maine",0,Total for all sectors,2012,802,9095,65634,262098,,-0.017287952
1420,0500000US23007,23007,"Franklin County, Maine",0,Total for all sectors,2013,821,9064,67131,263477,,-0.003408466
1440,0500000US23007,23007,"Franklin County, Maine",0,Total for all sectors,2014,814,9147,70639,285506,,0.009157105
1460,0500000US23007,23007,"Franklin County, Maine",0,Total for all sectors,2015,814,9464,71697,290628,,0.034656171
1605,0500000US23009,23009,"Hancock County, Maine",0,Total for all sectors,2010,2162,16427,128441,610779,,0.735735418
1500,0500000US23009,23009,"Hancock County, Maine",0,Total for all sectors,2011,2155,16589,131594,627921,,0.009861813
1521,0500000US23009,23009,"Hancock County, Maine",0,Total for all sectors,2012,2154,16691,137897,635410,,0.006148653
1542,0500000US23009,23009,"Hancock County, Maine",0,Total for all sectors,2013,2191,16236,134310,627611,,-0.0272602
1563,0500000US23009,23009,"Hancock County, Maine",0,Total for all sectors,2014,2179,16598,143258,671765,,0.022296132
1584,0500000US23009,23009,"Hancock County, Maine",0,Total for all sectors,2015,2225,16774,142520,678499,,0.010603687
1731,0500000US23011,23011,"Kennebec County, Maine",0,Total for all sectors,2010,3323,43645,343671,1474986,,1.601943484
1626,0500000US23011,23011,"Kennebec County, Maine",0,Total for all sectors,2011,3242,43377,364011,1530267,,-0.006140451
1647,0500000US23011,23011,"Kennebec County, Maine",0,Total for all sectors,2012,3239,43827,382636,1596402,,0.010374161
1668,0500000US23011,23011,"Kennebec County, Maine",0,Total for all sectors,2013,3219,45311,392566,1625713,,0.033860406
1689,0500000US23011,23011,"Kennebec County, Maine",0,Total for all sectors,2014,3218,45581,402895,1698359,,0.005958818
1710,0500000US23011,23011,"Kennebec County, Maine",0,Total for all sectors,2015,3203,45976,402170,1729544,,0.008665891
1852,0500000US23013,23013,"Knox County, Maine",0,Total for all sectors,2010,1719,13737,95323,436720,,-0.701213677
1752,0500000US23013,23013,"Knox County, Maine",0,Total for all sectors,2011,1681,13229,97108,441609,,-0.036980418
1772,0500000US23013,23013,"Knox County, Maine",0,Total for all sectors,2012,1688,13508,108902,463804,,0.021090029
1792,0500000US23013,23013,"Knox County, Maine",0,Total for all sectors,2013,1701,13515,104254,468804,,0.000518211
1812,0500000US23013,23013,"Knox County, Maine",0,Total for all sectors,2014,1715,14166,111057,496853,,0.048168701
1832,0500000US23013,23013,"Knox County, Maine",0,Total for all sectors,2015,1734,14160,115291,522548,,-0.000423549
1976,0500000US23015,23015,"Lincoln County, Maine",0,Total for all sectors,2010,1409,8491,57619,272858,,-0.400353107
1871,0500000US23015,23015,"Lincoln County, Maine",0,Total for all sectors,2011,1393,8317,61188,277055,,-0.020492286
1892,0500000US23015,23015,"Lincoln County, Maine",0,Total for all sectors,2012,1372,8444,60066,275017,,0.015269929
1913,0500000US23015,23015,"Lincoln County, Maine",0,Total for all sectors,2013,1394,8512,61993,284579,,0.008053055
1934,0500000US23015,23015,"Lincoln County, Maine",0,Total for all sectors,2014,1395,8374,64829,292867,,-0.016212406
1955,0500000US23015,23015,"Lincoln County, Maine",0,Total for all sectors,2015,1374,8272,64870,304546,,-0.012180559
2102,0500000US23017,23017,"Oxford County, Maine",0,Total for all sectors,2010,1335,14041,99705,436426,,0.697412959
1997,0500000US23017,23017,"Oxford County, Maine",0,Total for all sectors,2011,1288,14061,106092,450183,,0.0014244
2018,0500000US23017,23017,"Oxford County, Maine",0,Total for all sectors,2012,1281,13817,107034,468237,,-0.017352962
2039,0500000US23017,23017,"Oxford County, Maine",0,Total for all sectors,2013,1287,14320,113731,459384,,0.036404429
2060,0500000US23017,23017,"Oxford County, Maine",0,Total for all sectors,2014,1286,14225,113388,473898,,-0.006634078
2081,0500000US23017,23017,"Oxford County, Maine",0,Total for all sectors,2015,1306,14138,114978,474153,,-0.006115993
2227,0500000US23019,23019,"Penobscot County, Maine",0,Total for all sectors,2010,4193,57599,453559,1961758,,3.074055736
2123,0500000US23019,23019,"Penobscot County, Maine",0,Total for all sectors,2011,4127,57082,456240,1948316,,-0.00897585
2144,0500000US23019,23019,"Penobscot County, Maine",0,Total for all sectors,2012,4090,57893,484563,2000535,,0.014207631
2164,0500000US23019,23019,"Penobscot County, Maine",0,Total for all sectors,2013,4104,57343,488746,2011529,,-0.009500285
2185,0500000US23019,23019,"Penobscot County, Maine",0,Total for all sectors,2014,4138,57535,486691,2024754,,0.003348273
2206,0500000US23019,23019,"Penobscot County, Maine",0,Total for all sectors,2015,4109,57350,503992,2159668,,-0.003215434
2346,0500000US23021,23021,"Piscataquis County, Maine",0,Total for all sectors,2010,435,4435,27473,122375,,-0.922667829
2248,0500000US23021,23021,"Piscataquis County, Maine",0,Total for all sectors,2011,436,4445,29326,126584,,0.002254791
2267,0500000US23021,23021,"Piscataquis County, Maine",0,Total for all sectors,2012,437,4609,33043,136844,,0.036895388
2286,0500000US23021,23021,"Piscataquis County, Maine",0,Total for all sectors,2013,439,4304,32016,133261,,-0.066174875
2306,0500000US23021,23021,"Piscataquis County, Maine",0,Total for all sectors,2014,436,4543,34013,145052,,0.05552974
2326,0500000US23021,23021,"Piscataquis County, Maine",0,Total for all sectors,2015,438,4575,34556,146547,,0.007043804
2464,0500000US23023,23023,"Sagadahoc County, Maine",0,Total for all sectors,2010,949,13362,138172,558661,,1.920655738
2366,0500000US23023,23023,"Sagadahoc County, Maine",0,Total for all sectors,2011,889,13007,140712,556640,,-0.026567879
2386,0500000US23023,23023,"Sagadahoc County, Maine",0,Total for all sectors,2012,924,13026,145390,563470,,0.001460752
2405,0500000US23023,23023,"Sagadahoc County, Maine",0,Total for all sectors,2013,903,12658,142139,578501,,-0.02825119
2425,0500000US23023,23023,"Sagadahoc County, Maine",0,Total for all sectors,2014,923,13169,147600,616065,,0.040369727
2445,0500000US23023,23023,"Sagadahoc County, Maine",0,Total for all sectors,2015,912,13596,148178,641770,,0.032424634
2583,0500000US23025,23025,"Somerset County, Maine",0,Total for all sectors,2010,1167,13563,108368,479626,,-0.002427184
2484,0500000US23025,23025,"Somerset County, Maine",0,Total for all sectors,2011,1158,13511,112798,484082,,-0.00383396
2504,0500000US23025,23025,"Somerset County, Maine",0,Total for all sectors,2012,1168,13480,118610,502538,,-0.002294427
2523,0500000US23025,23025,"Somerset County, Maine",0,Total for all sectors,2013,1172,13570,119018,506977,,0.006676558
2543,0500000US23025,23025,"Somerset County, Maine",0,Total for all sectors,2014,1173,13870,127999,542676,,0.02210759
2563,0500000US23025,23025,"Somerset County, Maine",0,Total for all sectors,2015,1164,13549,124795,519479,,-0.023143475
2706,0500000US23027,23027,"Waldo County, Maine",0,Total for all sectors,2010,972,8451,62664,269351,,-0.376263931
2603,0500000US23027,23027,"Waldo County, Maine",0,Total for all sectors,2011,966,8393,66174,277321,,-0.006863093
2624,0500000US23027,23027,"Waldo County, Maine",0,Total for all sectors,2012,957,8480,68903,281413,,0.010365781
2644,0500000US23027,23027,"Waldo County, Maine",0,Total for all sectors,2013,956,8423,70171,289210,,-0.006721698
2664,0500000US23027,23027,"Waldo County, Maine",0,Total for all sectors,2014,967,8644,70967,300371,,0.026237683
2685,0500000US23027,23027,"Waldo County, Maine",0,Total for all sectors,2015,981,8662,71198,311054,,0.002082369
2831,0500000US23029,23029,"Washington County, Maine",0,Total for all sectors,2010,862,6919,48936,212455,,-0.201223736
2727,0500000US23029,23029,"Washington County, Maine",0,Total for all sectors,2011,853,7189,51952,219532,,0.03902298
2748,0500000US23029,23029,"Washington County, Maine",0,Total for all sectors,2012,840,7327,54623,225684,,0.019195994
2768,0500000US23029,23029,"Washington County, Maine",0,Total for all sectors,2013,836,7039,52175,227489,,-0.039306674
2789,0500000US23029,23029,"Washington County, Maine",0,Total for all sectors,2014,828,7000,53599,231635,,-0.00554056
2810,0500000US23029,23029,"Washington County, Maine",0,Total for all sectors,2015,839,6763,54555,241800,,-0.033857143
2957,0500000US23031,23031,"York County, Maine",0,Total for all sectors,2010,5482,50480,361297,1667802,,6.464143132
2852,0500000US23031,23031,"York County, Maine",0,Total for all sectors,2011,5430,50506,380469,1719456,,0.000515055
2873,0500000US23031,23031,"York County, Maine",0,Total for all sectors,2012,5430,51477,405994,1781219,,0.019225439
2894,0500000US23031,23031,"York County, Maine",0,Total for all sectors,2013,5440,50703,417578,1832391,,-0.015035841
2915,0500000US23031,23031,"York County, Maine",0,Total for all sectors,2014,5500,51699,436340,1939717,,0.019643808
2936,0500000US23031,23031,"York County, Maine",0,Total for all sectors,2015,5537,52357,447771,2022026,,0.012727519
3083,0500000US25001,25001,"Barnstable County, Massachusetts",0,Total for all sectors,2010,8214,68819,560148,2697356,,0.31441832
2978,0500000US25001,25001,"Barnstable County, Massachusetts",0,Total for all sectors,2011,8116,68452,580017,2766165,,-0.00533283
2999,0500000US25001,25001,"Barnstable County, Massachusetts",0,Total for all sectors,2012,8262,69710,633265,2896388,,0.018377841
3020,0500000US25001,25001,"Barnstable County, Massachusetts",0,Total for all sectors,2013,8323,71779,655679,3003417,,0.029680103
3041,0500000US25001,25001,"Barnstable County, Massachusetts",0,Total for all sectors,2014,8390,72254,673166,3134226,,0.006617534
3062,0500000US25001,25001,"Barnstable County, Massachusetts",0,Total for all sectors,2015,8488,74140,687463,3292880,,0.026102361
3209,0500000US25003,25003,"Berkshire County, Massachusetts",0,Total for all sectors,2010,4029,53706,456682,2016427,,-0.275613704
3104,0500000US25003,25003,"Berkshire County, Massachusetts",0,Total for all sectors,2011,3985,53110,500427,2085362,,-0.011097457
3125,0500000US25003,25003,"Berkshire County, Massachusetts",0,Total for all sectors,2012,3992,53712,525144,2119530,,0.011334965
3146,0500000US25003,25003,"Berkshire County, Massachusetts",0,Total for all sectors,2013,3928,53041,521308,2135452,,-0.012492553
3167,0500000US25003,25003,"Berkshire County, Massachusetts",0,Total for all sectors,2014,3900,52802,534873,2191668,,-0.004505948
3188,0500000US25003,25003,"Berkshire County, Massachusetts",0,Total for all sectors,2015,3868,53467,538568,2290710,,0.01259422
3335,0500000US25005,25005,"Bristol County, Massachusetts",0,Total for all sectors,2010,12804,192766,1769263,7685785,,2.60532665
3230,0500000US25005,25005,"Bristol County, Massachusetts",0,Total for all sectors,2011,12637,192687,1796299,7727245,,-0.000409823
3251,0500000US25005,25005,"Bristol County, Massachusetts",0,Total for all sectors,2012,12679,196479,1911516,8098177,,0.019679584
3272,0500000US25005,25005,"Bristol County, Massachusetts",0,Total for all sectors,2013,12730,193082,1862950,7914184,,-0.01728938
3293,0500000US25005,25005,"Bristol County, Massachusetts",0,Total for all sectors,2014,12703,192140,1953805,8240643,,-0.004878756
3314,0500000US25005,25005,"Bristol County, Massachusetts",0,Total for all sectors,2015,12686,195213,2019269,8521939,,0.015993546
3456,0500000US25007,25007,"Dukes County, Massachusetts",0,Total for all sectors,2010,1007,4827,44701,242551,,-0.975273163
3356,0500000US25007,25007,"Dukes County, Massachusetts",0,Total for all sectors,2011,1019,4935,45691,247086,,0.022374145
3376,0500000US25007,25007,"Dukes County, Massachusetts",0,Total for all sectors,2012,1033,5271,50054,262571,,0.068085106
3396,0500000US25007,25007,"Dukes County, Massachusetts",0,Total for all sectors,2013,1036,5322,51432,276598,,0.009675583
3416,0500000US25007,25007,"Dukes County, Massachusetts",0,Total for all sectors,2014,1062,5239,53890,288767,,-0.015595641
3436,0500000US25007,25007,"Dukes County, Massachusetts",0,Total for all sectors,2015,1071,5377,56569,315312,,0.026340905
3581,0500000US25009,25009,"Essex County, Massachusetts",0,Total for all sectors,2010,17877,263022,2789622,12276442,,47.91612423
3476,0500000US25009,25009,"Essex County, Massachusetts",0,Total for all sectors,2011,17874,267837,3003815,12803698,,0.018306453
3497,0500000US25009,25009,"Essex County, Massachusetts",0,Total for all sectors,2012,18115,274147,3174524,13039471,,0.023559105
3518,0500000US25009,25009,"Essex County, Massachusetts",0,Total for all sectors,2013,18277,275283,3164692,13109161,,0.004143762
3539,0500000US25009,25009,"Essex County, Massachusetts",0,Total for all sectors,2014,18332,281447,3407865,13984085,,0.022391503
3560,0500000US25009,25009,"Essex County, Massachusetts",0,Total for all sectors,2015,18453,282412,3373677,14334286,,0.003428709
3705,0500000US25011,25011,"Franklin County, Massachusetts",0,Total for all sectors,2010,1590,19387,160618,693851,,-0.931352067
3602,0500000US25011,25011,"Franklin County, Massachusetts",0,Total for all sectors,2011,1571,19931,170041,706656,,0.02806004
3623,0500000US25011,25011,"Franklin County, Massachusetts",0,Total for all sectors,2012,1603,19425,170873,704523,,-0.025387587
3643,0500000US25011,25011,"Franklin County, Massachusetts",0,Total for all sectors,2013,1584,19917,182588,764821,,0.025328185
3663,0500000US25011,25011,"Franklin County, Massachusetts",0,Total for all sectors,2014,1579,19620,185929,765384,,-0.014911884
3684,0500000US25011,25011,"Franklin County, Massachusetts",0,Total for all sectors,2015,1582,20104,189920,812431,,0.024668705
3831,0500000US25013,25013,"Hampden County, Massachusetts",0,Total for all sectors,2010,9709,163812,1522527,6441395,,7.148229208
3726,0500000US25013,25013,"Hampden County, Massachusetts",0,Total for all sectors,2011,9652,163486,1583392,6568817,,-0.001990086
3747,0500000US25013,25013,"Hampden County, Massachusetts",0,Total for all sectors,2012,9683,164298,1673963,6848525,,0.004966786
3768,0500000US25013,25013,"Hampden County, Massachusetts",0,Total for all sectors,2013,9661,167480,1758012,7061406,,0.019367247
3789,0500000US25013,25013,"Hampden County, Massachusetts",0,Total for all sectors,2014,9669,166806,1819397,7292607,,-0.004024361
3810,0500000US25013,25013,"Hampden County, Massachusetts",0,Total for all sectors,2015,9600,167383,1790345,7434306,,0.003459108
3957,0500000US25015,25015,"Hampshire County, Massachusetts",0,Total for all sectors,2010,3541,55180,391439,1685698,,-0.670336892
3852,0500000US25015,25015,"Hampshire County, Massachusetts",0,Total for all sectors,2011,3459,55451,401744,1707993,,0.0049112
3873,0500000US25015,25015,"Hampshire County, Massachusetts",0,Total for all sectors,2012,3510,56979,436817,1789208,,0.02755586
3894,0500000US25015,25015,"Hampshire County, Massachusetts",0,Total for all sectors,2013,3562,57927,442526,1837037,,0.016637709
3915,0500000US25015,25015,"Hampshire County, Massachusetts",0,Total for all sectors,2014,3548,58693,454650,1915668,,0.01322354
3936,0500000US25015,25015,"Hampshire County, Massachusetts",0,Total for all sectors,2015,3576,60573,493104,2044461,,0.032031077
4083,0500000US25017,25017,"Middlesex County, Massachusetts",0,Total for all sectors,2010,42001,791554,12059953,50873266,,12.06776947
3978,0500000US25017,25017,"Middlesex County, Massachusetts",0,Total for all sectors,2011,41961,802736,13202084,53710684,,0.014126642
3999,0500000US25017,25017,"Middlesex County, Massachusetts",0,Total for all sectors,2012,42454,821275,14220076,56173092,,0.023094766
4020,0500000US25017,25017,"Middlesex County, Massachusetts",0,Total for all sectors,2013,42830,844090,14708562,58326731,,0.027779976
4041,0500000US25017,25017,"Middlesex County, Massachusetts",0,Total for all sectors,2014,43131,848024,15661991,60649079,,0.00466064
4062,0500000US25017,25017,"Middlesex County, Massachusetts",0,Total for all sectors,2015,43548,869949,17127468,65697928,,0.025854221
4207,0500000US25019,25019,"Nantucket County, Massachusetts",0,Total for all sectors,2010,887,3633,35973,216729,,-0.995823893
4104,0500000US25019,25019,"Nantucket County, Massachusetts",0,Total for all sectors,2011,883,3560,39132,229484,,-0.020093587
4125,0500000US25019,25019,"Nantucket County, Massachusetts",0,Total for all sectors,2012,921,3948,41742,242733,,0.108988764
4145,0500000US25019,25019,"Nantucket County, Massachusetts",0,Total for all sectors,2013,934,4400,43718,263354,,0.114488349
4165,0500000US25019,25019,"Nantucket County, Massachusetts",0,Total for all sectors,2014,985,4377,49268,288631,,-0.005227273
4186,0500000US25019,25019,"Nantucket County, Massachusetts",0,Total for all sectors,2015,996,4300,49906,310578,,-0.017591958
4333,0500000US25021,25021,"Norfolk County, Massachusetts",0,Total for all sectors,2010,19033,307860,3588105,15241930,,70.59534884
4228,0500000US25021,25021,"Norfolk County, Massachusetts",0,Total for all sectors,2011,18987,312576,3798170,15537493,,0.015318651
4249,0500000US25021,25021,"Norfolk County, Massachusetts",0,Total for all sectors,2012,19378,321562,4200715,16686347,,0.028748208
4270,0500000US25021,25021,"Norfolk County, Massachusetts",0,Total for all sectors,2013,19597,329894,4400038,17466142,,0.025911022
4291,0500000US25021,25021,"Norfolk County, Massachusetts",0,Total for all sectors,2014,19637,334197,4577287,18101007,,0.013043584
4312,0500000US25021,25021,"Norfolk County, Massachusetts",0,Total for all sectors,2015,19893,340091,4603876,18770873,,0.017636304
4459,0500000US25023,25023,"Plymouth County, Massachusetts",0,Total for all sectors,2010,11786,145545,1350204,6020712,,-0.572041013
4354,0500000US25023,25023,"Plymouth County, Massachusetts",0,Total for all sectors,2011,11740,147825,1420510,6212970,,0.015665258
4375,0500000US25023,25023,"Plymouth County, Massachusetts",0,Total for all sectors,2012,11838,151389,1521738,6522971,,0.024109589
4396,0500000US25023,25023,"Plymouth County, Massachusetts",0,Total for all sectors,2013,11922,156526,1597360,6843659,,0.033932452
4417,0500000US25023,25023,"Plymouth County, Massachusetts",0,Total for all sectors,2014,12020,162524,1706940,7383340,,0.038319512
4438,0500000US25023,25023,"Plymouth County, Massachusetts",0,Total for all sectors,2015,12157,163503,1732424,7699004,,0.006023726
4585,0500000US25025,25025,"Suffolk County, Massachusetts",0,Total for all sectors,2010,19525,556104,10410724,39422039,,2.401185299
4480,0500000US25025,25025,"Suffolk County, Massachusetts",0,Total for all sectors,2011,19436,550649,10865324,40711776,,-0.009809316
4501,0500000US25025,25025,"Suffolk County, Massachusetts",0,Total for all sectors,2012,19827,586037,12066678,43749823,,0.064265984
4522,0500000US25025,25025,"Suffolk County, Massachusetts",0,Total for all sectors,2013,20121,588364,12111160,44920879,,0.003970739
4543,0500000US25025,25025,"Suffolk County, Massachusetts",0,Total for all sectors,2014,20495,572232,12763044,45658952,,-0.027418401
4564,0500000US25025,25025,"Suffolk County, Massachusetts",0,Total for all sectors,2015,20896,595158,13726613,49555481,,0.04006417
4711,0500000US25027,25027,"Worcester County, Massachusetts",0,Total for all sectors,2010,17625,267175,2642564,11459203,,-0.551085594
4606,0500000US25027,25027,"Worcester County, Massachusetts",0,Total for all sectors,2011,17421,270224,2892308,12169715,,0.011411996
4627,0500000US25027,25027,"Worcester County, Massachusetts",0,Total for all sectors,2012,17646,279167,3053689,12426858,,0.033094766
4648,0500000US25027,25027,"Worcester County, Massachusetts",0,Total for all sectors,2013,17635,281520,3105977,12842832,,0.008428647
4669,0500000US25027,25027,"Worcester County, Massachusetts",0,Total for all sectors,2014,17661,283752,3220379,13250036,,0.007928389
4690,0500000US25027,25027,"Worcester County, Massachusetts",0,Total for all sectors,2015,17812,288933,3311870,13966087,,0.018258902
4837,0500000US33001,33001,"Belknap County, New Hampshire",0,Total for all sectors,2010,1831,20825,154042,723367,,-0.927924467
4732,0500000US33001,33001,"Belknap County, New Hampshire",0,Total for all sectors,2011,1788,20765,169955,744599,,-0.002881152
4753,0500000US33001,33001,"Belknap County, New Hampshire",0,Total for all sectors,2012,1762,20350,168124,735928,,-0.019985553
4774,0500000US33001,33001,"Belknap County, New Hampshire",0,Total for all sectors,2013,1763,20289,173834,773999,,-0.002997543
4795,0500000US33001,33001,"Belknap County, New Hampshire",0,Total for all sectors,2014,1786,21009,186185,820827,,0.03548721
4816,0500000US33001,33001,"Belknap County, New Hampshire",0,Total for all sectors,2015,1780,21359,187701,870983,,0.016659527
4963,0500000US33003,33003,"Carroll County, New Hampshire",0,Total for all sectors,2010,1879,17479,109185,499453,,-0.181656445
4858,0500000US33003,33003,"Carroll County, New Hampshire",0,Total for all sectors,2011,1820,17152,112483,506230,,-0.018708164
4879,0500000US33003,33003,"Carroll County, New Hampshire",0,Total for all sectors,2012,1833,16780,118100,517969,,-0.021688433
4900,0500000US33003,33003,"Carroll County, New Hampshire",0,Total for all sectors,2013,1834,16624,117273,524288,,-0.009296782
4921,0500000US33003,33003,"Carroll County, New Hampshire",0,Total for all sectors,2014,1833,16986,121595,548395,,0.021775746
4942,0500000US33003,33003,"Carroll County, New Hampshire",0,Total for all sectors,2015,1849,17023,120238,558173,,0.002178264
5088,0500000US33005,33005,"Cheshire County, New Hampshire",0,Total for all sectors,2010,1924,28232,243914,1062391,,0.658462081
4984,0500000US33005,33005,"Cheshire County, New Hampshire",0,Total for all sectors,2011,1907,27870,246589,1059243,,-0.012822329
5005,0500000US33005,33005,"Cheshire County, New Hampshire",0,Total for all sectors,2012,1901,28053,247151,1054564,,0.0065662
5025,0500000US33005,33005,"Cheshire County, New Hampshire",0,Total for all sectors,2013,1905,27313,251472,1070131,,-0.02637864
5046,0500000US33005,33005,"Cheshire County, New Hampshire",0,Total for all sectors,2014,1904,27644,253035,1102965,,0.012118771
5067,0500000US33005,33005,"Cheshire County, New Hampshire",0,Total for all sectors,2015,1900,27494,266132,1120360,,-0.005426132
5214,0500000US33007,33007,"Coos County, New Hampshire",0,Total for all sectors,2010,909,9752,65460,289784,,-0.64530443
5109,0500000US33007,33007,"Coos County, New Hampshire",0,Total for all sectors,2011,891,9606,69216,291068,,-0.014971288
5130,0500000US33007,33007,"Coos County, New Hampshire",0,Total for all sectors,2012,888,9270,68679,289314,,-0.034978139
5151,0500000US33007,33007,"Coos County, New Hampshire",0,Total for all sectors,2013,854,9065,70092,295155,,-0.022114347
5172,0500000US33007,33007,"Coos County, New Hampshire",0,Total for all sectors,2014,849,8984,70529,294695,,-0.008935466
5193,0500000US33007,33007,"Coos County, New Hampshire",0,Total for all sectors,2015,853,8668,67205,295500,,-0.035173642
5339,0500000US33009,33009,"Grafton County, New Hampshire",0,Total for all sectors,2010,2925,53114,490018,2060082,,5.127595754
5234,0500000US33009,33009,"Grafton County, New Hampshire",0,Total for all sectors,2011,2896,48525,506217,2115690,,-0.086399066
5255,0500000US33009,33009,"Grafton County, New Hampshire",0,Total for all sectors,2012,2908,47078,510794,2121389,,-0.029819681
5276,0500000US33009,33009,"Grafton County, New Hampshire",0,Total for all sectors,2013,2867,47625,541963,2207946,,0.011619015
5297,0500000US33009,33009,"Grafton County, New Hampshire",0,Total for all sectors,2014,2871,48171,561009,2325238,,0.011464567
5318,0500000US33009,33009,"Grafton County, New Hampshire",0,Total for all sectors,2015,2842,49398,577277,2393302,,0.025471757
5465,0500000US33011,33011,"Hillsborough County, New Hampshire",0,Total for all sectors,2010,10827,177473,2180940,9048951,,2.592716304
5360,0500000US33011,33011,"Hillsborough County, New Hampshire",0,Total for all sectors,2011,10635,176356,2071769,8715895,,-0.006293915
5381,0500000US33011,33011,"Hillsborough County, New Hampshire",0,Total for all sectors,2012,10701,170366,1970414,8102000,,-0.033965388
5402,0500000US33011,33011,"Hillsborough County, New Hampshire",0,Total for all sectors,2013,10764,173304,2080615,8534018,,0.017245225
5423,0500000US33011,33011,"Hillsborough County, New Hampshire",0,Total for all sectors,2014,10889,180527,2369278,9692661,,0.041678207
5444,0500000US33011,33011,"Hillsborough County, New Hampshire",0,Total for all sectors,2015,10938,179115,2291874,9592994,,-0.007821545
5591,0500000US33013,33013,"Merrimack County, New Hampshire",0,Total for all sectors,2010,4104,58478,515170,2247516,,-0.673517014
5486,0500000US33013,33013,"Merrimack County, New Hampshire",0,Total for all sectors,2011,4060,58812,537188,2308543,,0.00571155
5507,0500000US33013,33013,"Merrimack County, New Hampshire",0,Total for all sectors,2012,4073,60573,586275,2442976,,0.029942869
5528,0500000US33013,33013,"Merrimack County, New Hampshire",0,Total for all sectors,2013,4031,60018,594587,2499710,,-0.009162498
5549,0500000US33013,33013,"Merrimack County, New Hampshire",0,Total for all sectors,2014,3979,60791,619093,2627182,,0.012879469
5570,0500000US33013,33013,"Merrimack County, New Hampshire",0,Total for all sectors,2015,4011,62229,649489,2929715,,0.023654817
5717,0500000US33015,33015,"Rockingham County, New Hampshire",0,Total for all sectors,2010,9453,125033,1204665,5226637,,1.009240065
5612,0500000US33015,33015,"Rockingham County, New Hampshire",0,Total for all sectors,2011,9322,124294,1254628,5406099,,-0.00591044
5633,0500000US33015,33015,"Rockingham County, New Hampshire",0,Total for all sectors,2012,9433,127326,1335775,5623534,,0.024393776
5654,0500000US33015,33015,"Rockingham County, New Hampshire",0,Total for all sectors,2013,9422,128330,1378101,5792077,,0.007885271
5675,0500000US33015,33015,"Rockingham County, New Hampshire",0,Total for all sectors,2014,9490,129125,1463430,6106265,,0.006194966
5696,0500000US33015,33015,"Rockingham County, New Hampshire",0,Total for all sectors,2015,9623,133465,1527932,6491389,,0.033610842
5843,0500000US33017,33017,"Strafford County, New Hampshire",0,Total for all sectors,2010,2516,35704,348283,1454803,,-0.732484172
5738,0500000US33017,33017,"Strafford County, New Hampshire",0,Total for all sectors,2011,2476,35146,361450,1532099,,-0.015628501
5759,0500000US33017,33017,"Strafford County, New Hampshire",0,Total for all sectors,2012,2531,35743,384368,1562711,,0.016986286
5780,0500000US33017,33017,"Strafford County, New Hampshire",0,Total for all sectors,2013,2536,35159,376841,1546079,,-0.016338864
5801,0500000US33017,33017,"Strafford County, New Hampshire",0,Total for all sectors,2014,2581,36242,407301,1646201,,0.030802924
5822,0500000US33017,33017,"Strafford County, New Hampshire",0,Total for all sectors,2015,2600,37000,413253,1692652,,0.020914961
5964,0500000US33019,33019,"Sullivan County, New Hampshire",0,Total for all sectors,2010,988,10733,84039,393592,,-0.709918919
5864,0500000US33019,33019,"Sullivan County, New Hampshire",0,Total for all sectors,2011,974,10768,83237,403068,,0.003260971
5884,0500000US33019,33019,"Sullivan County, New Hampshire",0,Total for all sectors,2012,945,11011,95535,423746,,0.022566865
5903,0500000US33019,33019,"Sullivan County, New Hampshire",0,Total for all sectors,2013,937,11609,101216,451622,,0.054309327
5923,0500000US33019,33019,"Sullivan County, New Hampshire",0,Total for all sectors,2014,913,11664,104412,455475,,0.004737704
5943,0500000US33019,33019,"Sullivan County, New Hampshire",0,Total for all sectors,2015,910,11736,100455,454259,,0.00617284
6084,0500000US44001,44001,"Bristol County, Rhode Island",0,Total for all sectors,2010,1230,13144,82101,374648,,0.119972733
5984,0500000US44001,44001,"Bristol County, Rhode Island",0,Total for all sectors,2011,1208,13446,88515,390253,,0.022976263
6004,0500000US44001,44001,"Bristol County, Rhode Island",0,Total for all sectors,2012,1228,12342,94204,404174,,-0.082106203
6024,0500000US44001,44001,"Bristol County, Rhode Island",0,Total for all sectors,2013,1231,12710,95542,418996,,0.029816885
6044,0500000US44001,44001,"Bristol County, Rhode Island",0,Total for all sectors,2014,1227,14219,102660,448340,,0.118725413
6064,0500000US44001,44001,"Bristol County, Rhode Island",0,Total for all sectors,2015,1237,13764,103351,460600,,-0.031999437
6208,0500000US44003,44003,"Kent County, Rhode Island",0,Total for all sectors,2010,4817,68851,653446,2730187,,4.002252252
6104,0500000US44003,44003,"Kent County, Rhode Island",0,Total for all sectors,2011,4734,66624,669156,2740700,,-0.032345209
6124,0500000US44003,44003,"Kent County, Rhode Island",0,Total for all sectors,2012,4667,67107,684654,2730188,,0.00724964
6145,0500000US44003,44003,"Kent County, Rhode Island",0,Total for all sectors,2013,4638,68044,692316,2796118,,0.013962776
6166,0500000US44003,44003,"Kent County, Rhode Island",0,Total for all sectors,2014,4668,68240,723353,2873906,,0.002880489
6187,0500000US44003,44003,"Kent County, Rhode Island",0,Total for all sectors,2015,4682,69893,740523,2997370,,0.024223329
6332,0500000US44005,44005,"Newport County, Rhode Island",0,Total for all sectors,2010,2758,28719,239650,1102508,,-0.589100482
6228,0500000US44005,44005,"Newport County, Rhode Island",0,Total for all sectors,2011,2713,28967,248592,1124624,,0.008635398
6249,0500000US44005,44005,"Newport County, Rhode Island",0,Total for all sectors,2012,2701,30182,276170,1200690,,0.041944281
6269,0500000US44005,44005,"Newport County, Rhode Island",0,Total for all sectors,2013,2710,29934,271595,1162443,,-0.008216818
6290,0500000US44005,44005,"Newport County, Rhode Island",0,Total for all sectors,2014,2715,30089,328821,1385280,,0.005178058
6311,0500000US44005,44005,"Newport County, Rhode Island",0,Total for all sectors,2015,2748,30220,293578,1312765,,0.004353751
6458,0500000US44007,44007,"Providence County, Rhode Island",0,Total for all sectors,2010,15836,247734,2648353,10946633,,7.197683653
6353,0500000US44007,44007,"Providence County, Rhode Island",0,Total for all sectors,2011,15561,254281,2724272,11179195,,0.026427539
6374,0500000US44007,44007,"Providence County, Rhode Island",0,Total for all sectors,2012,15505,251373,2851464,11117380,,-0.011436167
6395,0500000US44007,44007,"Providence County, Rhode Island",0,Total for all sectors,2013,15524,254490,2935089,11486107,,0.0123999
6416,0500000US44007,44007,"Providence County, Rhode Island",0,Total for all sectors,2014,15563,263991,3296234,12720221,,0.037333491
6437,0500000US44007,44007,"Providence County, Rhode Island",0,Total for all sectors,2015,15696,264537,3199396,12696862,,0.002068252
6584,0500000US44009,44009,"Washington County, Rhode Island",0,Total for all sectors,2010,3791,39287,356116,1615898,,-0.851487694
6479,0500000US44009,44009,"Washington County, Rhode Island",0,Total for all sectors,2011,3754,40263,389784,1684778,,0.024842823
6500,0500000US44009,44009,"Washington County, Rhode Island",0,Total for all sectors,2012,3754,39713,406790,1708168,,-0.013660184
6521,0500000US44009,44009,"Washington County, Rhode Island",0,Total for all sectors,2013,3723,40756,419845,1759339,,0.02626344
6542,0500000US44009,44009,"Washington County, Rhode Island",0,Total for all sectors,2014,3739,41953,437034,1881442,,0.029369909
6563,0500000US44009,44009,"Washington County, Rhode Island",0,Total for all sectors,2015,3772,42441,457383,1975018,,0.011632064
6710,0500000US50001,50001,"Addison County, Vermont",0,Total for all sectors,2010,1181,12037,90972,417217,,-0.716382743
6605,0500000US50001,50001,"Addison County, Vermont",0,Total for all sectors,2011,1152,12307,101377,416623,,0.022430838
6626,0500000US50001,50001,"Addison County, Vermont",0,Total for all sectors,2012,1158,12409,102025,433920,,0.008287966
6647,0500000US50001,50001,"Addison County, Vermont",0,Total for all sectors,2013,1139,12178,106968,462187,,-0.018615521
6668,0500000US50001,50001,"Addison County, Vermont",0,Total for all sectors,2014,1152,13300,114635,494677,,0.092133355
6689,0500000US50001,50001,"Addison County, Vermont",0,Total for all sectors,2015,1170,14191,126990,560295,,0.066992481
6831,0500000US50003,50003,"Bennington County, Vermont",0,Total for all sectors,2010,1483,14767,114935,506787,,0.040589106
6731,0500000US50003,50003,"Bennington County, Vermont",0,Total for all sectors,2011,1439,14433,115162,501668,,-0.022618
6751,0500000US50003,50003,"Bennington County, Vermont",0,Total for all sectors,2012,1412,14730,125209,519026,,0.020577842
6771,0500000US50003,50003,"Bennington County, Vermont",0,Total for all sectors,2013,1403,15194,126045,533943,,0.031500339
6791,0500000US50003,50003,"Bennington County, Vermont",0,Total for all sectors,2014,1385,15173,128380,538670,,-0.001382125
6811,0500000US50003,50003,"Bennington County, Vermont",0,Total for all sectors,2015,1395,15456,126267,551338,,0.018651552
6955,0500000US50005,50005,"Caledonia County, Vermont",0,Total for all sectors,2010,929,9051,69025,303101,,-0.414402174
6851,0500000US50005,50005,"Caledonia County, Vermont",0,Total for all sectors,2011,930,9182,74104,318305,,0.014473539
6872,0500000US50005,50005,"Caledonia County, Vermont",0,Total for all sectors,2012,944,8799,73917,309380,,-0.041712045
6892,0500000US50005,50005,"Caledonia County, Vermont",0,Total for all sectors,2013,944,9094,76700,320512,,0.033526537
6913,0500000US50005,50005,"Caledonia County, Vermont",0,Total for all sectors,2014,925,8801,75259,318472,,-0.032219046
6934,0500000US50005,50005,"Caledonia County, Vermont",0,Total for all sectors,2015,901,8739,74347,324742,,-0.007044654
7081,0500000US50007,50007,"Chittenden County, Vermont",0,Total for all sectors,2010,5503,85348,870607,3722779,,8.766334821
6976,0500000US50007,50007,"Chittenden County, Vermont",0,Total for all sectors,2011,5431,84605,905805,3822279,,-0.008705535
6997,0500000US50007,50007,"Chittenden County, Vermont",0,Total for all sectors,2012,5469,84151,860851,3605749,,-0.005366113
7018,0500000US50007,50007,"Chittenden County, Vermont",0,Total for all sectors,2013,5523,89448,975177,3952924,,0.06294637
7039,0500000US50007,50007,"Chittenden County, Vermont",0,Total for all sectors,2014,5552,86656,915393,3812930,,-0.031213666
7060,0500000US50007,50007,"Chittenden County, Vermont",0,Total for all sectors,2015,5607,88809,942921,3974045,,0.024845366
7188,0500000US50009,50009,"Essex County, Vermont",0,Total for all sectors,2010,115,470,2930,13659,,-0.994707744
7102,0500000US50009,50009,"Essex County, Vermont",0,Total for all sectors,2011,122,503,3022,13954,,0.070212766
7120,0500000US50009,50009,"Essex County, Vermont",0,Total for all sectors,2012,115,503,3009,13195,,0
7137,0500000US50009,50009,"Essex County, Vermont",0,Total for all sectors,2013,116,494,3242,13872,,-0.017892644
7154,0500000US50009,50009,"Essex County, Vermont",0,Total for all sectors,2014,112,505,3455,15674,,0.022267206
7171,0500000US50009,50009,"Essex County, Vermont",0,Total for all sectors,2015,116,484,3238,16024,,-0.041584158
7304,0500000US50011,50011,"Franklin County, Vermont",0,Total for all sectors,2010,1023,11964,88888,400051,,23.71900826
7205,0500000US50011,50011,"Franklin County, Vermont",0,Total for all sectors,2011,984,11983,93643,411700,,0.001588098
7225,0500000US50011,50011,"Franklin County, Vermont",0,Total for all sectors,2012,1013,11606,95663,413659,,-0.031461237
7246,0500000US50011,50011,"Franklin County, Vermont",0,Total for all sectors,2013,1020,12038,104324,439196,,0.037222126
7266,0500000US50011,50011,"Franklin County, Vermont",0,Total for all sectors,2014,1009,12403,112142,462832,,0.030320651
7285,0500000US50011,50011,"Franklin County, Vermont",0,Total for all sectors,2015,1011,12599,116635,483811,,0.015802628
7403,0500000US50013,50013,"Grand Isle County, Vermont",0,Total for all sectors,2010,193,628,3671,19506,,-0.950154774
7324,0500000US50013,50013,"Grand Isle County, Vermont",0,Total for all sectors,2011,180,636,3980,21017,,0.012738854
7341,0500000US50013,50013,"Grand Isle County, Vermont",0,Total for all sectors,2012,190,695,4505,21754,,0.092767296
7357,0500000US50013,50013,"Grand Isle County, Vermont",0,Total for all sectors,2013,180,624,4149,20555,,-0.102158273
7373,0500000US50013,50013,"Grand Isle County, Vermont",0,Total for all sectors,2014,178,621,4073,21389,,-0.004807692
7388,0500000US50013,50013,"Grand Isle County, Vermont",0,Total for all sectors,2015,185,660,4312,23257,,0.062801932
7519,0500000US50015,50015,"Lamoille County, Vermont",0,Total for all sectors,2010,970,9616,63524,268509,,13.56969697
7420,0500000US50015,50015,"Lamoille County, Vermont",0,Total for all sectors,2011,969,10183,69912,293260,,0.058964226
7440,0500000US50015,50015,"Lamoille County, Vermont",0,Total for all sectors,2012,943,10603,79796,311593,,0.041245213
7459,0500000US50015,50015,"Lamoille County, Vermont",0,Total for all sectors,2013,944,10592,80028,313634,,-0.001037442
7479,0500000US50015,50015,"Lamoille County, Vermont",0,Total for all sectors,2014,958,10923,84745,339727,,0.03125
7499,0500000US50015,50015,"Lamoille County, Vermont",0,Total for all sectors,2015,950,11502,88612,351479,,0.053007416
7643,0500000US50017,50017,"Orange County, Vermont",0,Total for all sectors,2010,779,6043,46088,204490,,-0.474613111
7539,0500000US50017,50017,"Orange County, Vermont",0,Total for all sectors,2011,776,5991,47560,209711,,-0.008604998
7560,0500000US50017,50017,"Orange County, Vermont",0,Total for all sectors,2012,775,6117,51497,219066,,0.021031547
7581,0500000US50017,50017,"Orange County, Vermont",0,Total for all sectors,2013,766,6169,51352,220851,,0.008500899
7602,0500000US50017,50017,"Orange County, Vermont",0,Total for all sectors,2014,758,6165,53109,231458,,-0.000648403
7623,0500000US50017,50017,"Orange County, Vermont",0,Total for all sectors,2015,753,6312,55002,246185,,0.023844282
7767,0500000US50019,50019,"Orleans County, Vermont",0,Total for all sectors,2010,831,7733,49526,227259,,0.225126743
7664,0500000US50019,50019,"Orleans County, Vermont",0,Total for all sectors,2011,813,7744,54168,242200,,0.001422475
7685,0500000US50019,50019,"Orleans County, Vermont",0,Total for all sectors,2012,811,7994,57709,244681,,0.032283058
7705,0500000US50019,50019,"Orleans County, Vermont",0,Total for all sectors,2013,793,8190,60995,253276,,0.024518389
7726,0500000US50019,50019,"Orleans County, Vermont",0,Total for all sectors,2014,775,8059,62351,261582,,-0.015995116
7746,0500000US50019,50019,"Orleans County, Vermont",0,Total for all sectors,2015,777,8244,64132,276228,,0.022955702
7893,0500000US50021,50021,"Rutland County, Vermont",0,Total for all sectors,2010,2238,24408,188665,797842,,1.96069869
7788,0500000US50021,50021,"Rutland County, Vermont",0,Total for all sectors,2011,2215,24452,196897,814892,,0.001802688
7809,0500000US50021,50021,"Rutland County, Vermont",0,Total for all sectors,2012,2189,24434,203825,830856,,-0.000736136
7830,0500000US50021,50021,"Rutland County, Vermont",0,Total for all sectors,2013,2166,24163,216278,869444,,-0.011091103
7851,0500000US50021,50021,"Rutland County, Vermont",0,Total for all sectors,2014,2130,24533,215651,878919,,0.015312668
7872,0500000US50021,50021,"Rutland County, Vermont",0,Total for all sectors,2015,2135,23780,213446,889749,,-0.030693352
8019,0500000US50023,50023,"Washington County, Vermont",0,Total for all sectors,2010,2236,26404,229092,967260,,0.110344828
7914,0500000US50023,50023,"Washington County, Vermont",0,Total for all sectors,2011,2211,25932,238584,1001634,,-0.017876079
7935,0500000US50023,50023,"Washington County, Vermont",0,Total for all sectors,2012,2236,26849,253390,1049605,,0.035361715
7956,0500000US50023,50023,"Washington County, Vermont",0,Total for all sectors,2013,2217,25548,251207,1048334,,-0.048456181
7977,0500000US50023,50023,"Washington County, Vermont",0,Total for all sectors,2014,2230,26064,269454,1122952,,0.020197276
7998,0500000US50023,50023,"Washington County, Vermont",0,Total for all sectors,2015,2242,27085,276846,1162050,,0.039172805
8145,0500000US50025,50025,"Windham County, Vermont",0,Total for all sectors,2010,1822,21362,166391,687663,,-0.211297766
8040,0500000US50025,50025,"Windham County, Vermont",0,Total for all sectors,2011,1769,21387,176975,708951,,0.001170302
8061,0500000US50025,50025,"Windham County, Vermont",0,Total for all sectors,2012,1742,21103,185263,713254,,-0.013279095
8082,0500000US50025,50025,"Windham County, Vermont",0,Total for all sectors,2013,1726,21909,198158,746262,,0.038193622
8103,0500000US50025,50025,"Windham County, Vermont",0,Total for all sectors,2014,1708,21059,202879,778376,,-0.038796841
8124,0500000US50025,50025,"Windham County, Vermont",0,Total for all sectors,2015,1696,21452,211117,814814,,0.018661855
8271,0500000US50027,50027,"Windsor County, Vermont",0,Total for all sectors,2010,2099,28234,166718,694126,,0.316147679
8166,0500000US50027,50027,"Windsor County, Vermont",0,Total for all sectors,2011,2077,28136,174459,713492,,-0.003470992
8187,0500000US50027,50027,"Windsor County, Vermont",0,Total for all sectors,2012,2052,28512,184200,751758,,0.013363662
8208,0500000US50027,50027,"Windsor County, Vermont",0,Total for all sectors,2013,2043,19669,180259,761642,,-0.310150112
8229,0500000US50027,50027,"Windsor County, Vermont",0,Total for all sectors,2014,2016,19747,187779,772418,,0.003965631
8250,0500000US50027,50027,"Windsor County, Vermont",0,Total for all sectors,2015,2006,19901,188184,799490,,0.007798653